<?xml version="1.0" encoding="UTF-8"?>
<project-private xmlns="http://www.netbeans.org/ns/project-private/1">
    <editor-bookmarks xmlns="http://www.netbeans.org/ns/editor-bookmarks/2" lastBookmarkId="0"/>
    <open-files xmlns="http://www.netbeans.org/ns/projectui-open-files/2">
        <group>
            <file>file:/C:/Users/Alumno/Documents/NetBeansProjects/QUANTIX/web/index.html</file>
            <file>file:/C:/Users/Alumno/Documents/NetBeansProjects/QUANTIX/web/objetivos.jsp</file>
            <file>file:/C:/Users/Alumno/Documents/NetBeansProjects/QUANTIX/web/mision.jsp</file>
            <file>file:/C:/Users/Alumno/Documents/NetBeansProjects/QUANTIX/web/servicios.jsp</file>
            <file>file:/C:/Users/Alumno/Documents/NetBeansProjects/QUANTIX/web/contacto.jsp</file>
            <file>file:/C:/Users/Alumno/Documents/NetBeansProjects/QUANTIX/web/vision.jsp</file>
            <file>file:/C:/Users/Alumno/Documents/NetBeansProjects/QUANTIX/web/portafolio.jsp</file>
        </group>
    </open-files>
</project-private>
